Date,Mkt-PM,SMB,HML,daily_return
1/2/2019,0.22,0.59,1.11,
1/3/2019,-2.46,0.36,1.2,
1/4/2019,3.54,0.41,-0.7,-0.024756676
1/7/2019,0.93,1,-0.75,0.034335693
1/8/2019,1.00,0.53,-0.63,0.007010435
1/9/2019,0.55,0.46,0.1,0.009695296
1/10/2019,0.41,0.03,-0.46,0.004098026
1/11/2019,-0.02,0.12,0.22,0.004518445
1/14/2019,-0.61,-0.59,0.94,-0.000146343
1/15/2019,1.05,0,-0.88,-0.005257563
1/16/2019,0.27,0.04,0.92,0.010721712
1/17/2019,0.74,0.11,-0.24,0.002221967
1/18/2019,1.28,-0.36,0.12,0.007591453
1/22/2019,-1.54,-0.4,0.32,0.013183053
1/23/2019,0.14,-0.39,-0.13,
1/24/2019,0.22,0.44,-0.01,
1/25/2019,0.89,0.46,-0.35,0.002202894
1/28/2019,-0.81,-0.16,0.63,0.001375677
1/29/2019,-0.20,-0.01,0.17,0.00848872
1/30/2019,1.50,-0.15,-0.94,-0.007846861
1/31/2019,0.91,0.12,-1.08,-0.00145621
2/1/2019,0.13,-0.14,0.43,0.015549242
2/4/2019,0.71,0.49,-0.47,0.008597378
2/5/2019,0.42,-0.08,-0.6,0.000898635
2/6/2019,-0.23,-0.02,0.07,0.006776204
2/7/2019,-0.94,-0.14,0.4,0.004708482
2/8/2019,0.08,0.05,-0.69,-0.002224495
2/11/2019,0.13,0.66,0.23,-0.009357119
2/12/2019,1.35,0.02,-0.16,0.000676262
2/13/2019,0.27,0.07,0.07,0.000709042
2/14/2019,-0.22,0.52,-0.58,0.01289025
2/15/2019,1.12,0.25,0.47,0.003023977
2/19/2019,0.18,0.29,0.3,-0.002651624
2/20/2019,0.18,0.21,0.55,0.01087871
2/21/2019,-0.38,-0.07,-0.22,
2/22/2019,0.64,0.55,-1.47,
2/25/2019,0.14,-0.26,-0.18,0.001777132
2/26/2019,-0.17,-0.64,-0.33,-0.003526412
2/27/2019,0.08,0.2,-0.12,0.006411088
2/28/2019,-0.32,0.02,-0.24,0.001231796
3/1/2019,0.71,0.29,-0.4,-0.000790384
3/4/2019,-0.53,-0.4,0.37,-0.000544042
3/5/2019,-0.18,-0.31,-0.23,-0.002825547
3/6/2019,-0.85,-1.27,0.05,0.006895338
3/7/2019,-0.83,-0.07,-0.33,-0.0038806
3/8/2019,-0.23,0.04,-0.16,-0.001131477
3/11/2019,1.48,0.36,-0.53,-0.006524116
3/12/2019,0.24,-0.28,-0.09,-0.00812571
3/13/2019,0.67,-0.31,0.07,-0.002131739
3/14/2019,-0.11,-0.4,0.3,0.014666049
3/15/2019,0.47,-0.26,-0.25,0.002953329
3/18/2019,0.45,0.16,0.44,0.006949619
3/19/2019,-0.10,-0.39,-0.93,-0.000868043
3/20/2019,-0.40,0.02,-1.05,0.004984903
3/21/2019,1.10,0.3,-1.23,0.003705961
3/22/2019,-2.18,-1.52,-0.07,-0.000130606
3/25/2019,-0.06,0.66,-0.25,-0.002944323
3/26/2019,0.75,0.17,0.46,0.010852516
3/27/2019,-0.51,0.1,0.5,-0.018974528
3/28/2019,0.39,0.34,0.02,-0.000839073
3/29/2019,0.65,-0.22,-0.92,0.007182778
4/1/2019,1.18,-0.3,0.99,-0.00464438
4/2/2019,-0.06,-0.13,-0.44,0.003589544
4/3/2019,0.26,0.22,-0.4,0.006734294
4/4/2019,0.18,0.21,0.93,0.011568586
4/5/2019,0.51,0.53,-0.08,1.74E-05
4/8/2019,0.07,-0.29,0.1,0.002148408
4/9/2019,-0.66,-0.56,-0.14,0.002084638
4/10/2019,0.47,0.97,-0.1,0.004636399
4/11/2019,-0.01,-0.31,0.41,0.00104745
4/12/2019,0.64,-0.5,0.65,-0.006067471
4/15/2019,-0.10,-0.22,-0.53,0.003477868
4/16/2019,0.12,0.12,0.7,3.81E-05
4/17/2019,-0.33,-0.7,0.83,0.006609378
4/18/2019,0.10,-0.25,-0.51,-0.000629426
4/22/2019,0.10,-0.46,-0.56,0.000509365
4/23/2019,0.96,0.72,-0.48,-0.002273775
4/24/2019,-0.24,0.27,-0.07,0.001579065
4/25/2019,-0.15,-0.75,-0.19,
4/26/2019,0.52,0.43,0.07,
4/29/2019,0.17,0.08,0.65,0.008841219
4/30/2019,-0.05,-0.7,0.28,-0.002191786
5/1/2019,-0.84,-0.1,-0.02,-0.000368947
5/2/2019,-0.17,0.45,-0.27,0.004685305
5/3/2019,1.12,0.94,-0.27,0.001071472
5/6/2019,-0.40,0.6,-0.42,0.0009514
5/7/2019,-1.70,-0.28,0.5,-0.00750213
5/8/2019,-0.23,-0.15,-0.32,-0.002123999
5/9/2019,-0.29,0.08,0.12,0.009638323
5/10/2019,0.34,-0.37,0.08,-0.004471015
5/13/2019,-2.68,-0.73,0.28,-0.016511678
5/14/2019,0.92,0.4,-0.02,-0.001605381
5/15/2019,0.57,0.05,-0.96,-0.003021442
5/16/2019,0.90,-0.4,-0.32,0.003720321
5/17/2019,-0.74,-0.8,0.29,-0.024130631
5/20/2019,-0.66,-0.23,0.72,0.008016018
5/21/2019,0.89,0.43,-0.35,0.005838958
5/22/2019,-0.41,-0.52,-0.6,0.008895249
5/23/2019,-1.38,-0.69,-0.28,-0.00583732
5/24/2019,0.22,0.5,0.31,-0.006749361
5/28/2019,-0.79,0.29,-0.63,0.008495791
5/29/2019,-0.72,-0.29,0.41,-0.002824366
5/30/2019,0.13,-0.28,-0.76,-0.01191414
5/31/2019,-1.38,-0.22,-0.1,0.001353535
6/3/2019,-0.41,0.35,1.66,
6/4/2019,2.32,0.42,-0.03,
6/5/2019,0.69,-0.98,-0.97,-0.006911957
6/6/2019,0.54,-1.04,0.01,0.00209844
6/7/2019,1.03,0.05,-1.2,-0.013195356
6/10/2019,0.52,-0.04,0.08,-0.002765201
6/11/2019,-0.13,-0.25,0.55,0.021432345
6/12/2019,-0.21,0.41,-0.99,0.008161897
6/13/2019,0.51,0.67,-0.04,0.006135555
6/14/2019,-0.28,-0.79,0.32,0.010497663
6/17/2019,0.14,0.63,-1.12,0.004660082
6/18/2019,1.03,0.16,0.33,-0.000349877
6/19/2019,0.31,0.11,-0.6,-0.00203762
6/20/2019,0.88,-0.36,-0.23,0.00409745
6/21/2019,-0.22,-0.47,-0.03,-0.001611542
6/24/2019,-0.35,-0.9,0.08,0.00093177
6/25/2019,-0.99,0.34,0.71,0.009717373
6/26/2019,-0.07,-0.05,0.25,0.002985177
6/27/2019,0.59,1.42,-0.09,0.009472195
6/28/2019,0.67,0.64,0.61,-0.001259233
7/1/2019,0.74,-0.54,-0.13,-0.001731933
7/2/2019,0.13,-0.79,-0.81,-0.009496325
7/3/2019,0.77,-0.04,-0.33,-0.001233984
7/5/2019,-0.11,0.16,0.91,0.003823212
7/8/2019,-0.59,-0.45,0.05,0.005757422
7/9/2019,0.17,-0.15,-0.43,0.007672278
7/10/2019,0.39,-0.15,-0.36,0.002928149
7/11/2019,0.18,-0.79,0.04,0.007672359
7/12/2019,0.52,0.18,0.41,
7/15/2019,-0.05,-0.35,-1.07,
7/16/2019,-0.33,0.35,0.1,-0.004835457
7/17/2019,-0.65,-0.15,-0.65,0.00123658
7/18/2019,0.34,-0.29,0.02,0.004510627
7/19/2019,-0.57,0.15,0.86,0.002285279
7/22/2019,0.24,-0.45,-0.49,0.004620139
7/23/2019,0.64,-0.23,0.81,0.000175859
7/24/2019,0.65,0.75,0.86,-0.003403775
7/25/2019,-0.64,-0.66,-0.12,-0.006531205
7/26/2019,0.81,0.39,-0.19,0.003581936
7/29/2019,-0.33,-0.34,-0.46,-0.006176735
7/30/2019,-0.18,1.37,0.89,0.002828721
7/31/2019,-1.10,0.12,0.61,0.006847502
8/1/2019,-1.05,-0.42,-1.9,0.004688119
8/2/2019,-0.88,-0.32,0.06,-0.005262356
8/5/2019,-3.08,-0.01,0,0.007387629
8/6/2019,1.28,-0.42,-0.59,-0.001616069
8/7/2019,0.06,0.08,-0.9,-0.002578642
8/8/2019,1.96,0.04,-0.23,-0.01088551
8/9/2019,-0.79,-0.42,-0.22,-0.008998852
8/12/2019,-1.33,0.28,-0.27,-0.007282737
8/13/2019,1.46,-0.17,-0.53,-0.029777801
8/14/2019,-2.96,0.22,-0.51,0.013017007
8/15/2019,0.15,-0.61,-0.53,0.00076689
8/16/2019,1.54,0.52,0.61,0.018762266
8/19/2019,1.13,0.01,0.22,-0.006616543
8/20/2019,-0.76,0.3,-0.5,-0.011957583
8/21/2019,0.84,0.05,-0.3,0.014762029
8/22/2019,-0.11,-0.53,0.49,-0.029292764
8/23/2019,-2.67,-0.55,-0.18,0.002464268
8/26/2019,1.07,-0.02,-0.17,0.014426183
8/27/2019,-0.47,-0.88,-0.67,0.012105875
8/28/2019,0.67,0.47,0.62,-0.007914764
8/29/2019,1.34,0.31,0.34,0.008246826
8/30/2019,0.02,-0.38,0.23,-0.000506082
9/3/2019,-0.87,-0.95,0.1,-0.02594639
9/4/2019,1.07,-0.22,0.43,0.010983067
9/5/2019,1.41,0.4,0.71,-0.003203191
9/6/2019,-0.03,-0.39,0.04,0.00654547
9/9/2019,0.06,0.75,3.06,0.012687244
9/10/2019,0.16,1.06,1.13,0.000642827
9/11/2019,0.87,1.33,-0.04,
9/12/2019,0.21,-0.3,-0.13,
9/13/2019,-0.02,0.01,0.74,0.010842076
9/16/2019,-0.24,0.9,0.53,0.013009824
9/17/2019,0.16,-0.59,-1.19,0.000910618
9/18/2019,-0.06,-0.76,0.06,-9.40E-05
9/19/2019,-0.06,-0.43,-0.46,0.000322317
9/20/2019,-0.49,0.29,0.15,0.007229668
9/23/2019,-0.03,-0.17,0.51,0.002879107
9/24/2019,-1.02,-0.73,0,-0.000724356
9/25/2019,0.68,0.36,0.53,-0.003135609
9/26/2019,-0.42,-0.96,0.11,0.002581756
9/27/2019,-0.63,-0.34,0.88,0.000342682
9/30/2019,0.49,-0.17,-0.48,2.00E-05
10/1/2019,-1.32,-0.46,-0.59,-0.004895586
10/2/2019,-1.74,0.9,-0.36,-9.69E-05
10/3/2019,0.79,-0.22,-0.89,-0.008416394
10/4/2019,1.38,-0.47,-0.07,0.006158565
10/7/2019,-0.42,0.16,-0.02,-0.002428917
10/8/2019,-1.62,-0.13,-0.12,-0.005316326
10/9/2019,0.91,-0.55,-0.09,0.005047623
10/10/2019,0.58,-0.4,0.26,-0.012258377
10/11/2019,1.22,0.47,0.19,-0.01790324
10/14/2019,-0.19,-0.34,-0.04,0.007971991
10/15/2019,1.02,0.25,-0.25,0.014216853
10/16/2019,-0.25,0.4,0.23,-0.004478305
10/17/2019,0.36,0.8,-0.28,-0.015560826
10/18/2019,-0.50,-0.36,0.86,0.009104547
10/21/2019,0.70,0.16,0.35,0.006415702
10/22/2019,-0.35,0.22,0.85,0.010938931
10/23/2019,0.24,-0.09,0.26,-0.001387079
10/24/2019,0.24,-0.26,-0.89,0.009955666
10/25/2019,0.50,0.27,0.08,-0.001999546
10/28/2019,0.61,0.27,-0.24,0.002762828
10/29/2019,-0.14,0.3,0.51,-0.003919345
10/30/2019,0.26,-0.37,-1.16,0.006871609
10/31/2019,-0.39,-0.26,-0.44,-0.003568673
11/1/2019,1.07,0.48,0.83,0.002847139
11/4/2019,0.39,0.01,1.35,0.00192044
11/5/2019,-0.04,0.24,0.45,0.004072697
11/6/2019,-0.06,-0.72,0.23,0.00558138
11/7/2019,0.37,-0.14,0.51,-0.000832396
11/8/2019,0.30,0.06,-0.36,0.003253328
11/11/2019,-0.20,0,-0.19,-0.003022873
11/12/2019,0.15,-0.12,-0.15,0.009662361
11/13/2019,0.00,-0.22,-0.82,0.003704054
11/14/2019,0.06,-0.11,-0.25,-0.001185731
11/15/2019,0.73,-0.26,-0.34,0.000702526
11/18/2019,0.01,-0.35,-0.51,0.002730127
11/19/2019,0.01,0.58,-0.94,0.002560629
11/20/2019,-0.34,0,-0.45,-0.001962445
11/21/2019,-0.15,-0.35,0.1,0.001564621
11/22/2019,0.23,0.06,0.22,0.00071155
11/25/2019,0.91,1.32,-0.38,0.000837093
11/26/2019,0.18,0.06,-0.9,0.007695462
11/27/2019,0.43,0.23,-0.03,0.000503131
11/29/2019,-0.43,-0.04,-0.31,-0.000592563
12/2/2019,-0.88,-0.25,0.48,-0.003756194
12/3/2019,-0.67,0.6,-0.83,-0.001582777
12/4/2019,0.59,0.13,0.24,0.002174936
12/5/2019,0.12,-0.21,0.46,0.007507339
12/6/2019,0.90,0.24,0.37,0.00219553
12/9/2019,-0.34,0.37,0.11,0.004174468
12/10/2019,-0.09,0.31,-0.09,
12/11/2019,0.27,-0.07,0.13,
12/12/2019,0.89,-0.14,1.14,-0.008631064
12/13/2019,-0.04,-0.27,-0.54,-0.006638042
12/16/2019,0.73,0.02,-0.04,0.006323548
12/17/2019,0.09,0.41,0.67,0.001500276
12/18/2019,-0.06,0.2,0.09,0.00913573
12/19/2019,0.42,-0.02,-0.42,-0.003162837
12/20/2019,0.47,-0.3,-0.3,-0.001096953
12/23/2019,0.09,0.19,-0.35,0.002908202
12/24/2019,0.00,0.39,0,0.008575166
12/26/2019,0.47,-0.54,0,7.26E-05
12/27/2019,-0.11,-0.53,-0.07,0.007147816
12/30/2019,-0.58,0.19,0.56,0.000335271
12/31/2019,0.27,-0.01,0.12,-0.00043226
1/2/2020,0.85,-0.88,-0.34,0.004459221
1/3/2020,-0.68,0.38,0,0.004944827
1/6/2020,0.35,-0.07,-0.55,0.000866131
1/7/2020,-0.20,-0.01,-0.25,-0.000195409
1/8/2020,0.46,-0.06,-0.64,
1/9/2020,0.64,-0.64,-0.48,
1/10/2020,-0.35,-0.19,-0.33,3.40E-05
1/13/2020,0.72,-0.11,-0.08,-0.005780829
1/14/2020,-0.07,0.39,-0.18,0.002946025
1/15/2020,0.15,0.47,-0.81,
1/16/2020,0.87,0.52,-0.11,
1/17/2020,0.27,-0.64,-0.13,-0.007059871
1/21/2020,-0.33,-0.51,-0.62,0.003533394
1/22/2020,0.07,-0.26,0.01,-0.002803209
1/23/2020,0.07,-0.05,-0.14,0.004902415
1/24/2020,-0.98,-0.44,-0.28,0.006655293
1/27/2020,-1.57,0.37,-0.41,-0.002855223
1/28/2020,1.01,-0.12,-0.42,0.006976281
1/29/2020,-0.11,-0.24,-0.98,-0.001514539
1/30/2020,0.33,-0.68,0.69,0.001870155
1/31/2020,-1.75,-0.42,-0.35,0.008366547
2/3/2020,0.83,0.62,-0.68,0.003862145
2/4/2020,1.56,-0.04,-0.68,
2/5/2020,0.96,0.32,1.47,
2/6/2020,0.26,-0.45,-0.84,0.000289088
2/7/2020,-0.56,-0.79,-0.03,0.001140965
2/10/2020,0.72,0,-0.88,-0.009042141
2/11/2020,0.27,0.05,1.05,-0.015730685
2/12/2020,0.65,0.15,-0.35,0.010053551
2/13/2020,-0.10,0.19,0,-0.000866847
2/14/2020,0.14,-0.38,-0.66,0.003134356
2/18/2020,-0.20,0.15,-0.65,-0.017705853
2/19/2020,0.59,0.18,0.03,0.007254644
2/20/2020,-0.36,0.49,0.67,0.014980363
2/21/2020,-1.13,-0.1,0.02,0.011250641
2/24/2020,-3.40,0.18,0.02,0.003325646
2/25/2020,-3.10,-0.1,-0.68,-0.005400833
2/26/2020,-0.53,-0.38,-1.2,0.00732636
2/27/2020,-4.23,0.78,0.05,0.001688499
2/28/2020,-0.79,0.29,-0.8,0.006462661
3/2/2020,4.30,-1.69,-0.44,-0.001630443
3/3/2020,-2.80,0.8,-0.63,0.001843542
3/4/2020,4.02,-1.08,-1.17,
3/5/2020,-3.39,0.25,-1.4,
3/6/2020,-1.79,0.06,-1.49,0.004705827
3/9/2020,-7.79,-0.38,-4.75,-0.003815543
3/10/2020,4.73,-2.49,0.81,-0.010518109
3/11/2020,-5.06,-0.82,-0.8,-0.033513594
3/12/2020,-9.64,-0.44,-1.17,-0.030280016
3/13/2020,8.95,-2.7,3.03,-0.003778519
3/16/2020,-12.01,-0.26,-0.76,-0.044163279
3/17/2020,5.87,0.86,-0.62,-0.008238327
3/18/2020,-5.57,-3.56,-4.69,0.046039225
3/19/2020,1.30,5.46,0.83,-0.02810794
3/20/2020,-4.16,0.34,-0.88,0.042202592
3/23/2020,-2.56,2.24,-3.27,-0.033922022
3/24/2020,9.33,-1.26,2.38,-0.01705391
3/25/2020,1.17,-0.74,1.92,-0.075969681
3/26/2020,6.01,-0.73,1.07,0.049396336
3/27/2020,-3.49,-0.83,-0.76,-0.048868411
3/30/2020,3.15,-0.29,-2.09,-0.09511268
3/31/2020,-1.45,1.8,-0.39,0.092871195
4/1/2020,-4.51,-1.48,-1.4,-0.119840503
4/2/2020,2.10,-0.98,-0.28,0.059954822
4/3/2020,-1.64,-1.11,-1.18,-0.051830823
4/6/2020,7.06,0.77,0.32,0.004707894
4/7/2020,-0.11,-0.57,2.08,-0.043359523
4/8/2020,3.40,0.31,1.28,-0.029293858
4/9/2020,1.59,1.92,3.16,0.093827657
4/13/2020,-0.92,-0.84,-2.4,0.01153502
4/14/2020,3.02,-0.18,-3.15,0.062414161
4/15/2020,-2.15,-1.23,-2.55,-0.033687316
4/16/2020,0.62,-0.21,-2.98,0.033516036
4/17/2020,2.72,0.74,2.77,-0.016012792
4/20/2020,-1.56,0.77,-0.91,-0.044142398
4/21/2020,-3.08,0.93,0.16,0.022829387
4/22/2020,2.31,-0.69,-1.64,-0.015137125
4/23/2020,0.13,1.1,0.54,0.070331304
4/24/2020,1.44,0.26,-0.13,-0.001603045
4/27/2020,1.73,1.61,2.71,0.034056426
4/28/2020,-0.45,0.99,2.85,0.014487378
4/29/2020,2.92,1.89,2,
4/30/2020,-1.18,-1.43,-1.7,
5/1/2020,-2.91,-0.56,-0.97,0.030572524
5/4/2020,0.54,0.21,-1.27,-0.022030456
5/5/2020,0.95,0.03,-2.02,0.005816711
5/6/2020,-0.52,0.54,-2.7,0.026793592
5/7/2020,1.33,-0.06,0.4,-0.017880997
5/8/2020,1.90,1.39,2.46,-0.030674847
5/11/2020,0.07,0.47,-3.78,0.022930248
5/12/2020,-2.06,-0.84,-1.35,-0.000539419
5/13/2020,-1.89,-0.9,-2.08,0.013918078
5/14/2020,1.14,-1.51,0.93,0.014714073
5/15/2020,0.57,1.61,-1.15,-0.00524235
5/18/2020,3.24,1.56,4.6,0.026583874
5/19/2020,-1.01,-0.54,-1.5,-0.00921242
5/20/2020,1.80,1.08,1.32,-0.028059043
5/21/2020,-0.70,0.62,0.4,0.004249817
5/22/2020,0.27,0.47,-0.85,0.009040574
5/26/2020,1.23,0.09,4.55,-0.006979403
5/27/2020,1.54,0.65,3.62,0.011504624
5/28/2020,-0.41,-1.53,-2.43,0.016871501
5/29/2020,0.60,-0.29,-1.98,0.000177487
6/1/2020,0.52,-0.04,0.43,-0.020543831
6/2/2020,0.81,-0.09,0.54,-0.017462684
6/3/2020,1.42,0.15,2.62,0.011524823
6/4/2020,-0.34,-0.23,2.89,0.00392638
6/5/2020,2.50,0.66,2.76,0.031501205
6/8/2020,1.39,0.37,2.09,-0.010484409
6/9/2020,-0.85,-0.25,-1.92,0.016651043
6/10/2020,-0.56,-0.85,-4.1,-0.007773564
6/11/2020,-5.91,-0.82,-3.03,0.002353731
6/12/2020,1.29,0.31,1.82,
6/15/2020,1.09,1.46,-0.39,
6/16/2020,1.87,0.61,0.5,0.014827343
6/17/2020,-0.40,-0.9,-1.98,-0.002107947
6/18/2020,0.19,0.1,-0.53,0.00481231
6/19/2020,-0.45,0.09,-0.65,0.003751261
6/22/2020,0.71,0.84,-1.36,0.008210804
6/23/2020,0.42,0.16,-0.6,0.013648964
6/24/2020,-2.61,-0.45,-1.36,-0.003368696
6/25/2020,1.12,0.24,0.5,0.026211705
6/26/2020,-2.44,0.12,-1.41,0.012041591
6/29/2020,1.51,1.25,1.85,-0.007799183
6/30/2020,1.58,0.08,0.01,-0.005313079
7/1/2020,0.41,-1.28,-2.58,-0.058944122
7/2/2020,0.50,-0.02,-0.13,0.013060857
7/6/2020,1.65,-0.63,0.34,0.008312208
7/7/2020,-1.03,-0.5,-1.5,0.018962431
7/8/2020,0.91,0.3,-0.47,-0.0036003
7/9/2020,-0.53,-0.93,-2.61,0.000594189
7/10/2020,1.11,-0.07,3.07,-0.005649464
7/13/2020,-1.20,-0.77,2.04,0.006495058
7/14/2020,1.35,0.43,-0.29,0.004307442
7/15/2020,1.14,2.43,1.25,-0.025855159
7/16/2020,-0.37,-0.36,0.81,0.01095947
7/17/2020,0.30,0.17,-1.44,-0.024226918
7/20/2020,1.01,-0.45,-2.37,0.014685698
7/21/2020,0.15,0.84,3.27,0.01540986
7/22/2020,0.49,-0.61,-0.38,0.005022111
7/23/2020,-1.20,0.72,1.97,0.004541282
7/24/2020,-0.75,-0.82,0.44,
7/27/2020,0.88,0.76,-1.99,
7/28/2020,-0.81,-0.71,1,-0.010818563
7/29/2020,1.35,0.48,0.89,0.007827502
7/30/2020,-0.29,0.49,-1.84,-0.00564364
7/31/2020,0.61,-1.6,-0.67,0.010466205
8/3/2020,0.98,1.22,-0.84,-0.00936252
8/4/2020,0.37,0.47,0.04,0.013406355
8/5/2020,0.78,1.03,0.83,0.009082039
8/6/2020,0.53,-0.42,-0.85,-0.003406104
8/7/2020,0.02,0.91,2.41,0.00284864
8/10/2020,0.24,0.88,1.73,0.008406905
8/11/2020,-0.83,-0.33,1.64,0.001679049
8/12/2020,1.40,-0.51,-1.34,0.005747091
8/13/2020,-0.01,0.18,-1.33,-0.012319827
8/14/2020,-0.04,-0.09,1.08,-0.006190391
8/17/2020,0.45,0.6,-1.92,0.007395129
8/18/2020,0.22,-1.06,-1.43,-0.006473401
8/19/2020,-0.38,0.47,0.09,0.012428381
8/20/2020,0.31,-0.52,-1.55,-0.003750261
8/21/2020,0.26,-1.09,-0.43,0.00767046
8/24/2020,0.92,-0.37,2.59,0.007181027
8/25/2020,0.36,0.16,-0.64,0.00361196
8/26/2020,1.00,-1.17,-1.74,0.00642974
8/27/2020,0.18,-0.34,0.95,0.006427728
8/28/2020,0.70,0.27,-0.23,0.000632995
8/31/2020,-0.04,-0.42,-1.76,0.002742236
9/1/2020,0.92,0.44,-0.3,-0.007969123
9/2/2020,1.27,-0.49,-0.45,0.013996502
9/3/2020,-3.70,-0.23,2.61,-0.002047125
9/4/2020,-0.87,-0.17,2.06,-0.000171932
9/8/2020,-2.91,0.66,-0.29,0.002709874
9/9/2020,2.07,-0.18,-2,0.002303378
9/10/2020,-1.64,0.3,-0.06,-0.004404416
9/11/2020,-0.06,-0.84,0.89,0.003158659
9/14/2020,1.59,1.19,-0.8,0.003441136
9/15/2020,0.57,-0.27,-1.44,0.010043684
9/16/2020,-0.39,0.76,1.31,0.003596326
9/17/2020,-0.85,0.36,0.2,0.010195666
9/18/2020,-0.88,0.79,-0.21,0.001673024
9/21/2020,-1.08,-2.03,-1.89,0.006732577
9/22/2020,1.02,-0.14,-1.63,-0.002194977
9/23/2020,-2.48,-0.71,0.16,0.007525048
9/24/2020,0.25,-0.21,0.38,0.015365857
9/25/2020,1.72,0.14,-1.35,-0.035125836
9/28/2020,1.66,0.73,1.05,-0.008132999
9/29/2020,-0.42,0.76,-1.34,
9/30/2020,0.79,-0.73,0.15,
10/1/2020,0.79,1.04,-0.54,0.020145025
10/2/2020,-0.96,1.09,2.45,-0.017584791
10/5/2020,1.93,1.02,-0.1,0.000533063
10/6/2020,-1.28,0.74,0.26,0.012741809
10/7/2020,1.84,0.53,0.22,0.005219386
10/8/2020,0.80,0.03,0.99,-0.004618958
10/9/2020,0.93,0.01,-1.41,-0.008412372
10/12/2020,1.53,-0.83,-0.08,-0.01118257
10/13/2020,-0.41,0.17,-1.73,-0.011571124
10/14/2020,-0.65,0.09,0.02,0.010517942
10/15/2020,-0.08,0.9,1.15,-0.023721411
10/16/2020,-0.06,-0.18,0.06,0.002987408
10/19/2020,-1.53,0.35,0.31,0.015976763
10/20/2020,0.34,-0.24,1.26,0.016110549
10/21/2020,-0.36,-0.47,0.41,-0.004812627
10/22/2020,0.67,0.61,1.03,0.008253709
10/23/2020,0.38,0.41,0.03,0.005292893
10/26/2020,-1.85,-0.28,-0.39,-0.009571699
10/27/2020,-0.23,-0.07,-2.33,0.017975535
10/28/2020,-3.41,0.01,0.58,-0.013988025
10/29/2020,1.13,0.18,0.27,0.017405793
10/30/2020,-1.45,-0.8,1.87,0.008007136
11/2/2020,1.17,0.54,0.98,0.008790686
11/3/2020,1.93,1.01,-0.19,0.016418713
11/4/2020,2.25,-1.49,-5.02,-0.006306908
11/5/2020,2.13,1,0.52,-0.006623139
11/6/2020,0.01,-0.86,-0.93,-0.001527803
11/9/2020,0.86,0.8,6.73,0.000134928
11/10/2020,-0.17,1.56,2.17,-0.016329823
11/11/2020,0.88,-0.57,-1.75,0.004727277
11/12/2020,-0.94,-0.23,-1.19,-0.002195683
11/13/2020,1.31,0.62,1.14,0.005218945
11/16/2020,1.22,0.77,1.99,0.00344579
11/17/2020,-0.19,0.6,-0.01,-0.018589538
11/18/2020,-0.93,-0.03,0.01,-0.003025607
11/19/2020,0.59,0.47,-0.76,-0.035287907
11/20/2020,-0.51,0.68,-0.6,0.011947307
11/23/2020,0.83,0.87,1.56,-0.012129506
11/24/2020,1.56,-0.11,2.77,0.012318193
11/25/2020,0.03,0,-1.33,0.017799314
11/27/2020,0.43,0.47,-1.63,0.022047038
11/30/2020,-0.53,-0.99,-2.07,0.019460191
12/1/2020,0.98,-0.27,0.53,-0.000287712
12/2/2020,0.11,-0.09,1.08,0.011699872
12/3/2020,0.18,0.5,-0.09,-0.001399803
12/4/2020,1.02,1.46,0.83,0.007651888
12/7/2020,0.03,0.24,-1.02,-0.009978559
12/8/2020,0.47,1.02,-0.7,0.013610366
12/9/2020,-1.03,-0.06,1.28,0.011648048
12/10/2020,0.24,1.12,-0.47,-0.004791958
12/11/2020,-0.20,-0.38,-0.71,-0.011563832
12/14/2020,-0.28,0.58,-1.53,0.003946421
12/15/2020,1.28,1.08,0.36,-0.006792541
12/16/2020,0.17,-0.43,-0.37,0.005635917
12/17/2020,0.79,0.69,-0.7,0.016161718
12/18/2020,-0.12,0.07,-1.17,-0.001584416
12/21/2020,-0.23,0.13,-0.05,
12/22/2020,0.06,1.21,-1.61,
12/23/2020,0.10,0.38,2.03,-0.00459549
12/24/2020,0.21,-0.41,-0.19,0.011271168
12/28/2020,0.46,-0.73,0.36,0.001791151
12/29/2020,-0.40,-1.53,0.24,-0.000624147
12/30/2020,0.27,1.01,0.03,0.008836235
12/31/2020,0.39,-0.89,0.41,-0.001935595
1/4/2021,-1.41,0.22,0.58,0.002787137
1/5/2021,0.86,1.23,0.49,-0.00794922
1/6/2021,0.79,2.14,3.94,-0.001285116
1/7/2021,1.76,0.33,-0.83,-0.00126496
1/8/2021,0.51,-0.75,-1.37,-0.004359267
1/11/2021,-0.51,0.26,1.26,0.012921214
1/12/2021,0.38,1.29,1.21,0.001772848
1/13/2021,0.07,-0.93,-0.46,0.005757639
1/14/2021,-0.11,2.03,1.12,-0.0035111
1/15/2021,-0.86,-0.49,-0.76,-0.003906282
1/19/2021,0.92,0.88,-0.8,-0.002073117
1/20/2021,1.26,-0.39,-1.08,0.000745811
1/21/2021,-0.04,-0.55,-0.94,0.003536576
1/22/2021,-0.07,1.87,-0.12,
1/25/2021,0.29,-0.05,-0.4,
1/26/2021,-0.32,0.02,0.01,-0.002227362
1/27/2021,-2.53,1.33,1.56,0.001341547
1/28/2021,0.92,-1.93,-0.91,0.006438838
1/29/2021,-1.84,0.59,0.58,
2/1/2021,1.73,0.93,-1.47,
2/2/2021,1.48,-0.85,-1.08,0.00708254
2/3/2021,0.15,0.43,0.7,0.005709901
2/4/2021,1.23,0.38,0.37,0.014847364
2/5/2021,0.58,1.07,-0.48,0.005491891
2/8/2021,0.96,2.11,0.39,-0.006554797
2/9/2021,0.05,0.71,-0.17,0.000415832
2/10/2021,-0.08,-0.49,0.61,0.002275603
2/11/2021,0.19,-0.22,-0.43,-0.003753438
2/12/2021,0.49,-0.14,0.49,-0.007190018
2/16/2021,-0.14,-0.61,1.89,
2/17/2021,-0.21,-0.85,0.61,
2/18/2021,-0.63,-1.55,-0.2,0.013935576
2/19/2021,0.16,1.79,0.72,0.000316731
2/22/2021,-1.13,-0.05,3.16,-0.003010586
2/23/2021,-0.15,-1.27,0.89,0.003615803
2/24/2021,1.15,1.22,1.42,-0.001488836
2/25/2021,-2.74,-1.13,0.92,-0.025677859
2/26/2021,-0.28,0.66,-1.58,0.009760662
3/1/2021,2.63,1.09,0.23,-0.019311503
3/2/2021,-1.05,-1.09,1.23,0.016051736
3/3/2021,-1.57,-0.19,3.56,0.013898237
3/4/2021,-1.70,-1.36,1.71,0.001008805
3/5/2021,1.85,0.21,0.61,0.010853304
3/8/2021,-0.67,0.61,3.71,0.003897472
3/9/2021,1.79,1.29,-3.23,0.007399346
3/10/2021,0.68,0.78,1.82,-0.001113498
3/11/2021,1.44,1.61,-2.02,-0.00034516
3/12/2021,0.10,0.14,1.3,0.001662455
3/15/2021,0.70,-0.1,-1.29,0.004710983
3/16/2021,-0.43,-1.11,-0.83,
3/17/2021,0.33,0.47,0.33,
3/18/2021,-1.88,-1.75,2.18,-0.0003204
3/19/2021,0.25,1.26,-0.99,-0.004415808
3/22/2021,0.55,-1.2,-2.21,-0.001854894
3/23/2021,-1.17,-2.71,-1.04,-0.007732849
3/24/2021,-1.01,-1.98,1.46,0.001256288
3/25/2021,0.67,1.68,1.4,0.011351662
3/26/2021,1.55,0.18,0.69,-0.024478847
3/29/2021,-0.49,-2.4,-0.23,-0.004750166
3/30/2021,-0.02,1.54,1.01,0.023790719
3/31/2021,0.63,1.11,-2.33,-0.008080844
4/1/2021,1.27,0.29,0,-0.013066204
4/5/2021,1.27,-0.59,-0.71,-0.013417214
4/6/2021,0.01,-0.31,0.1,0.019495976
4/7/2021,-0.12,-1.61,0.32,-0.005359272
4/8/2021,0.62,0.59,-1.17,0.014154684
4/9/2021,0.65,-0.64,0.13,0.006030283
4/12/2021,-0.05,-0.62,0.59,0.01039548
4/13/2021,0.41,-0.28,-1.61,0.001015399
4/14/2021,-0.35,0.79,1.42,0.006491959
4/15/2021,1.04,-0.44,-1.19,-0.001569689
4/16/2021,0.27,-0.35,0.66,0.002879343
4/19/2021,-0.73,-0.78,0.78,-0.0147605
4/20/2021,-0.94,-1.19,-1.57,-0.000602739
4/21/2021,1.11,1.39,0.1,0.007025121
4/22/2021,-0.77,0.65,-0.77,-0.007630837
4/23/2021,1.26,0.75,0.7,-0.005467304
4/26/2021,0.43,0.87,-0.5,0.005240233
4/27/2021,-0.03,-0.16,0.85,0.016631198
4/28/2021,-0.06,0.2,0.19,-0.000868025
4/29/2021,0.39,-1.14,1.08,-0.003157823
4/30/2021,-0.83,-0.43,-0.32,0.003622539
5/3/2021,0.17,0.44,1.71,0.011825145
5/4/2021,-0.89,-0.75,2,
5/5/2021,-0.06,-0.47,1.34,
5/6/2021,0.48,-0.83,1.2,-0.000973538
5/7/2021,0.84,0.43,-0.1,0.00147523
5/10/2021,-1.36,-1.68,1.69,0.00422064
5/11/2021,-0.63,0.96,-0.89,0.007719963
5/12/2021,-2.34,-1.33,0.71,-0.000196183
5/13/2021,1.02,0.26,1.14,0.003294582
5/14/2021,1.81,0.98,-0.15,-0.004087802
5/17/2021,-0.24,0.6,0.83,0.011094248
5/18/2021,-0.69,0.26,-0.94,0.003608749
5/19/2021,-0.34,-0.37,-0.46,-0.005306453
5/20/2021,1.15,-0.11,-1.43,-0.006802362
5/21/2021,-0.04,0.22,0.98,0.00930606
5/24/2021,0.99,-0.37,-0.69,-0.009210671
5/25/2021,-0.30,-0.62,-1.23,0.010928711
5/26/2021,0.47,1.77,0.56,0.001782224
5/27/2021,0.28,0.8,0.95,-0.000214919
5/28/2021,0.04,-0.3,-0.3,-0.000845531
6/1/2021,0.03,1.12,1.46,0.006762798
6/2/2021,0.12,-0.12,0.32,-0.007194638
6/3/2021,-0.53,-0.53,0.72,0.002748035
6/4/2021,0.89,-0.36,-0.9,-0.006678338
6/7/2021,0.15,1.57,-0.96,0.000703539
6/8/2021,0.19,1.15,-0.32,0.008165391
6/9/2021,-0.30,-0.29,-0.84,0.007373346
6/10/2021,0.40,-0.9,-2.05,-0.010435666
6/11/2021,0.37,0.67,0.18,-0.008673895
6/14/2021,0.15,-0.31,-1.62,-0.021449387
6/15/2021,-0.30,-0.03,1.3,0.012173151
6/16/2021,-0.45,0.44,0.2,0.014917933
6/17/2021,0.01,-0.5,-3.59,-0.002530038
6/18/2021,-1.22,-0.43,-1.45,-0.008517302
6/21/2021,1.34,0.59,1.06,-0.002943435
6/22/2021,0.58,0.04,-0.43,0.010554756
6/23/2021,0.01,0.55,-0.28,-0.00078382
6/24/2021,0.69,0.66,0.23,0.009911306
6/25/2021,0.31,-0.7,0.43,-0.002125302
6/28/2021,0.22,-0.49,-1.59,0.001876733
6/29/2021,0.00,-0.24,-0.29,0.001165398
6/30/2021,0.07,-0.12,0.75,0.000768887
7/1/2021,0.43,0.37,0.41,
7/2/2021,0.56,-1.33,-0.71,
7/6/2021,-0.28,-0.65,-1.99,0.001446916
7/7/2021,0.09,-0.92,0.08,-0.003628699
7/8/2021,-0.86,0.15,-0.77,0.008834087
7/9/2021,1.25,0.61,1.57,-0.000796711
7/12/2021,0.23,-0.17,0.56,0.000175085
7/13/2021,-0.56,-1.13,-0.41,-0.001823876
7/14/2021,-0.26,-1.16,0.34,0.004652155
7/15/2021,-0.38,-0.35,0.79,0.00194849
7/16/2021,-0.77,-0.23,-1.25,0.001815211
7/19/2021,-1.41,0.31,-1.74,-0.00201168
7/20/2021,1.69,0.79,0.16,-0.005390207
7/21/2021,0.95,0.62,0.79,-0.000435637
7/22/2021,0.09,-1.33,-1.01,-0.013124547
7/23/2021,0.98,-0.09,-0.47,0.014002328
7/26/2021,0.18,-0.09,1.33,0.005124515
7/27/2021,-0.66,-0.66,0.59,-0.00108326
7/28/2021,0.27,1.41,-0.65,0.005811157
7/29/2021,0.41,-0.01,0.94,0.003330607
7/30/2021,-0.65,-0.07,-0.17,0.002315042
8/2/2021,-0.12,-0.15,-0.41,0.00027735
8/3/2021,0.73,-0.47,0.92,0.001328114
8/4/2021,-0.39,-0.62,-1.56,0.00522164
8/5/2021,0.74,1.14,-0.1,0.007500104
8/6/2021,0.09,0.05,1.88,
8/9/2021,0.01,-0.36,-0.26,
8/10/2021,0.06,-0.01,1.82,0.003359011
8/11/2021,0.19,-0.01,1.41,-0.008561011
8/12/2021,0.24,-0.59,-0.4,0.011277952
8/13/2021,0.00,-0.85,-0.24,0.003451156
8/16/2021,-0.05,-0.86,0.05,-0.00351683
8/17/2021,-0.80,-0.45,-0.11,0.00116497
8/18/2021,-0.95,0.11,-0.18,-0.003262236
8/19/2021,-0.15,-0.79,-0.82,-0.007538939
8/20/2021,0.92,1,-0.48,-0.015869531
8/23/2021,1.08,0.94,-0.85,0.015162652
8/24/2021,0.41,0.36,0.36,0.008241847
8/25/2021,0.26,-0.04,0.36,0.002016661
8/26/2021,-0.65,-0.39,-0.32,0.010145439
8/27/2021,1.07,1.63,0.3,0.002382253
8/30/2021,0.35,-0.34,-1.37,-0.00471248
8/31/2021,-0.13,0.44,-0.05,-0.000186302
9/1/2021,0.11,0.59,-0.94,0.004206206
9/2/2021,0.36,0.1,-0.04,-0.005406017
9/3/2021,-0.01,-0.38,-0.26,-0.001842894
9/7/2021,-0.36,-0.14,-0.09,0.008203485
9/8/2021,-0.34,-0.81,0.08,-0.004632445
9/9/2021,-0.27,0.23,0.09,0.00600546
9/10/2021,-0.76,-0.1,0.02,0.001675284
9/13/2021,0.14,-0.05,1.34,-0.000939926
9/14/2021,-0.66,-0.51,-0.97,0.000992701
9/15/2021,0.88,0.02,0.63,0.002468023
9/16/2021,-0.03,0.04,-0.55,0.002952088
9/17/2021,-0.72,0.99,-0.05,0.001607324
9/20/2021,-1.87,-0.58,0.23,0.002620859
9/21/2021,0.05,0.45,-0.67,-0.007060725
9/22/2021,1.00,0.18,0.53,-0.010748458
9/23/2021,1.28,0.36,0.93,0.001256741
9/24/2021,0.08,-0.47,0.7,0.008141541
9/27/2021,-0.10,1.25,2.43,0.008523821
9/28/2021,-2.18,-0.44,1.75,0.001495693
9/29/2021,0.03,-0.3,0.8,0.002220127
9/30/2021,-1.02,0.32,-0.77,-0.005824932
10/1/2021,1.10,0.4,0.5,0.008807606
10/4/2021,-1.43,-0.03,2.33,0.004306588
10/5/2021,1.05,-0.52,-0.07,-0.001349146
10/6/2021,0.33,-0.87,-0.49,0.000311762
10/7/2021,1.01,0.53,-0.17,0.002842561
10/8/2021,-0.28,-0.61,1.12,-0.000335027
10/11/2021,-0.72,0.31,-0.28,
10/12/2021,-0.06,0.64,-0.44,
10/13/2021,0.43,0.14,-1.06,-0.001318575
10/14/2021,1.65,-0.34,-0.27,-0.0046056
10/15/2021,0.63,-1.2,0.3,-0.007722644
10/18/2021,0.41,-0.25,-0.01,0.00227651
10/19/2021,0.71,-0.49,-0.23,-0.005746599
10/20/2021,0.34,-0.02,1.19,0.008473909
10/21/2021,0.37,0.21,-0.95,-0.001551097
10/22/2021,-0.25,-0.24,1.01,-0.009110925
10/25/2021,0.58,0.49,-0.15,-0.016977255
10/26/2021,0.04,-0.7,-0.31,-0.00081235
10/27/2021,-0.76,-0.74,-1.18,0.009519566
10/28/2021,1.14,0.88,-0.5,0.012134752
10/29/2021,0.22,0.2,-0.83,0.001461009
11/1/2021,0.51,2.02,0.44,-0.002776356
11/2/2021,0.24,-0.29,-0.54,-0.020364114
11/3/2021,0.80,1.45,-0.12,0.001569166
11/4/2021,0.39,-0.02,-1.37,-0.011909732
11/5/2021,0.38,0.69,1.19,0.011491478
11/8/2021,0.18,0.02,0.07,-0.01298588
11/9/2021,-0.35,-0.18,0.45,0.010524456
11/10/2021,-1.07,-0.65,0.93,0.004102887
11/11/2021,0.24,0.54,0.33,0.008298289
11/12/2021,0.74,-0.32,-0.91,-0.001913741
11/15/2021,-0.02,-0.53,0.71,-0.006865786
11/16/2021,0.50,0.04,-0.72,-0.002416772
11/17/2021,-0.47,-0.56,-0.25,0.003022537
11/18/2021,0.06,-0.58,-0.07,0.01706311
11/19/2021,-0.20,-0.17,-1.28,0.007460131
11/22/2021,-0.61,-0.54,2.76,0.003374805
11/23/2021,-0.03,-0.52,1.75,0.007393357
11/24/2021,0.30,0.03,-0.87,0.003664017
11/26/2021,-2.22,-1.23,-0.92,0.002995906
11/29/2021,1.11,-1.02,-0.79,-0.001072579
11/30/2021,-1.95,0.52,-1.13,0.004748179
12/1/2021,-1.61,-0.79,1.11,0.001819782
12/2/2021,1.51,0.71,1.27,-0.005051598
12/3/2021,-1.21,-1.13,1.07,0.009829338
12/6/2021,1.19,0.76,0.63,0.001949343
12/7/2021,2.22,0.2,-1.79,0.001800069
12/8/2021,0.47,0.66,-0.83,0.003680367
12/9/2021,-1.07,-1.37,1.57,0.006461296
12/10/2021,0.70,-0.83,0.5,0.004181892
12/13/2021,-1.04,-0.31,-0.98,0.003732858
12/14/2021,-0.76,-0.68,1.64,0.000887701
12/15/2021,1.62,0.39,-1.91,-0.003498735
12/16/2021,-1.20,-1.6,2.78,-0.008225815
12/17/2021,-0.65,1.88,-2.33,0.000550927
12/20/2021,-1.27,-0.16,-0.41,0.007222639
12/21/2021,2.06,0.82,0.19,-1.07E-05
12/22/2021,0.97,0.26,-0.36,0.003865209
12/23/2021,0.71,0.35,-0.48,-0.002601629
12/27/2021,1.22,-0.11,0.29,0.003384755
12/28/2021,-0.27,-0.59,0.81,-0.001398649
12/29/2021,0.06,-0.07,0.17,-0.003197132
12/30/2021,-0.15,0.11,-0.4,0.001657079
12/31/2021,-0.31,0.05,0.53,0.002293901
1/3/2022,0.73,0.34,0.78,
1/4/2022,-0.29,-0.82,3.62,
1/5/2022,-2.28,-1.46,2.6,0.013200221
1/6/2022,0.00,0.2,1.75,-0.018961306
1/7/2022,-0.48,-1.32,2.02,-0.011815196
1/10/2022,-0.15,-0.23,-0.28,0.014194423
1/11/2022,1.10,-0.08,-0.3,-0.008448581
1/12/2022,0.12,-0.89,0.5,0.011730929
1/13/2022,-1.57,0.3,2.41,0.020707063
1/14/2022,0.08,0.18,0.54,0.003085294
1/18/2022,-2.08,-1.03,1.37,-0.00718113
1/19/2022,-1.01,-0.33,-0.67,0.009549111
1/20/2022,-1.14,-0.86,-0.23,-0.009136209
1/21/2022,-2.10,0.28,0.49,-0.007470598
1/24/2022,0.53,1.81,-0.25,0.016348409
1/25/2022,-1.43,-0.62,2.79,-0.008743378
1/26/2022,-0.30,-1.08,0.09,-0.010287726
1/27/2022,-0.79,-1.64,0.79,-0.011388033
1/28/2022,2.45,-0.14,-2.07,0.017777943
1/31/2022,2.34,1.31,-2.86,0.01018018
2/1/2022,0.87,0.05,0.65,0.006223704
2/2/2022,0.48,-1.75,0.72,
2/3/2022,-2.49,-0.05,2.18,
2/4/2022,0.89,-0.02,-0.6,-0.001010187
2/7/2022,-0.25,0.53,0.23,0.001401903
2/8/2022,1.02,0.68,-0.28,-0.002989739
2/9/2022,1.61,0.23,-1.95,-0.002626221
2/10/2022,-1.69,-0.15,1.23,0.006374077
2/11/2022,-1.92,0.6,2.13,-0.000629618
2/14/2022,-0.35,0.22,-0.59,-0.019392766
2/15/2022,1.87,1.32,-1.42,-0.000963711
2/16/2022,-0.02,-0.09,0.31,-0.004050212
2/17/2022,-2.28,-0.28,1.1,-0.001441085
2/18/2022,-0.87,-0.09,0.94,0.009160031
2/22/2022,-1.18,-0.49,0.11,0.002817696
2/23/2022,-1.96,-0.2,1.26,-0.014243549
2/24/2022,1.89,1.51,-3.86,0.000819913
2/25/2022,2.23,-0.42,1.22,
2/28/2022,0.05,0.64,-0.5,
3/1/2022,-1.57,-0.1,-0.81,-0.00968952
3/2/2022,1.81,0.42,1.34,-0.011037425
3/3/2022,-0.88,-0.57,1.52,-0.018914813
3/4/2022,-1.10,-0.66,0.68,0.002771752
3/7/2022,-3.12,0.58,0.89,-0.012171977
3/8/2022,-0.52,1.01,0.32,-0.001496631
3/9/2022,2.80,0.32,-2.09,-0.005383995
3/10/2022,-0.47,0.11,1.16,0.024347569
3/11/2022,-1.49,-0.44,1.79,0.018886018
3/14/2022,-1.06,-1.33,1.77,0.006862951
3/15/2022,2.15,-0.12,-2.39,0.00942255
3/16/2022,2.61,0.8,-1.83,-0.024391094
3/17/2022,1.43,0.29,-1.09,0.005156965
3/18/2022,1.33,0.28,-1.85,-0.003701786
3/21/2022,-0.18,-1.1,1.59,0.008401225
3/22/2022,1.31,0.04,-1.16,0.014517178
3/23/2022,-1.26,-0.64,0.38,-0.018115705
3/24/2022,1.42,-0.09,-0.79,-0.018969468
3/25/2022,0.27,-0.59,2.18,-0.003840548
3/28/2022,0.73,-0.56,-1.7,0.015766743
3/29/2022,1.45,1.54,-1.92,0.000881221
3/30/2022,-0.83,-1.28,0.4,-0.021173137
3/31/2022,-1.55,0.71,-0.44,-0.007166241
4/1/2022,0.39,0.69,-0.59,
4/4/2022,0.94,-0.05,-1.88,
4/5/2022,-1.54,-0.97,0.84,-0.018412176
4/6/2022,-1.24,-0.66,1.09,0.01495681
4/7/2022,0.33,-0.61,-0.13,0.022372747
4/8/2022,-0.39,-1,2.24,-0.002442612
4/11/2022,-1.53,0.28,1.06,-0.015473463
4/12/2022,-0.29,0.54,0.46,0.018642627
4/13/2022,1.40,0.93,-0.71,-0.005254711
4/14/2022,-1.28,0.03,1.41,-0.007934016
4/18/2022,-0.21,-0.81,1.8,-0.029518096
4/19/2022,1.77,0.59,-0.95,-0.007233837
4/20/2022,-0.28,0.19,1.26,0.025698324
4/21/2022,-1.75,-0.72,0.41,-0.004291845
4/22/2022,-2.74,0.31,-0.16,-0.012961554
4/25/2022,0.71,0.43,-1.84,-0.007420956
4/26/2022,-3.00,-0.67,1.79,0.021408494
4/27/2022,0.12,-0.61,0.34,0.02238384
4/28/2022,2.44,-0.19,-0.45,0.012347804
4/29/2022,-3.53,0.75,0.59,0.01166225
5/2/2022,0.80,0.6,-1.15,-0.000434674
5/3/2022,0.41,-0.16,1.62,0.011304184
5/4/2022,3.00,-0.46,0.24,-0.012272781
5/5/2022,-3.80,-0.79,2.37,0.014343931
5/6/2022,-0.85,-1.31,1.77,0.005066192
5/9/2022,-3.54,-0.5,1.37,0.007144964
5/10/2022,0.20,-0.23,-1.22,0.01225653
5/11/2022,-1.95,-1.11,2.59,-0.006293721
5/12/2022,0.17,1.29,-1.23,-0.015652533
5/13/2022,2.76,0.89,-2.2,0.003410287
5/16/2022,-0.60,-0.21,1.34,0.008090878
5/17/2022,2.14,0.96,-0.05,-0.012551717
5/18/2022,-4.04,0.21,1.53,-0.009716869
5/19/2022,-0.34,0.48,-0.8,0.004253372
5/20/2022,-0.05,-0.11,-0.19,-0.002650987
5/23/2022,1.74,-1.07,1.29,-0.016877289
5/24/2022,-1.23,-0.94,1.85,-0.003417541
5/25/2022,1.22,0.78,0.21,0.011174658
5/26/2022,2.18,0.2,-0.62,-0.012144137
5/27/2022,2.58,0.37,-1.31,
5/31/2022,-0.71,-0.49,0.45,
6/1/2022,-0.75,0.19,0.79,0.0160576
6/2/2022,2.09,0.85,-2.07,-0.000618528
6/3/2022,-1.63,0.84,0.53,-0.01475294
6/6/2022,0.33,-0.01,0.65,-0.027739971
6/7/2022,0.99,0.31,-0.14,0.005697859
6/8/2022,-1.02,-0.09,-0.53,-0.028146327
6/9/2022,-2.44,0.31,0.26,0.002098103
6/10/2022,-3.00,0.11,0.62,0.024746891
6/13/2022,-4.13,-0.65,0.62,-0.036284548
6/14/2022,-0.25,0.21,0.12,0.005675314
6/15/2022,1.55,0.28,-1.65,0.004837103
6/16/2022,-3.52,-1.17,0.03,0.029862435
6/17/2022,0.47,1.11,-2.63,-0.035649753
6/21/2022,2.38,-0.76,0.24,-0.005674159
6/22/2022,-0.18,0.19,-1.77,-0.032037135
6/23/2022,1.13,0.8,-3.85,0.002457883
6/24/2022,3.11,-0.37,-0.04,-0.016463178
6/27/2022,-0.28,0.56,1.24,-0.001296002
6/28/2022,-2.10,-0.35,2.36,0.023869743
6/29/2022,-0.20,-0.45,-1.3,-0.00394643
6/30/2022,-0.96,0.41,-0.15,0.02016961
7/1/2022,1.15,0.02,0.1,-0.040395221
7/5/2022,0.49,1.81,-3.34,-0.005833809
7/6/2022,0.17,-0.74,-0.72,0.000146124
7/7/2022,1.77,1,-0.97,0.018555068
7/8/2022,-0.07,0.11,-0.07,-0.008120793
7/11/2022,-1.39,-1.31,1.59,0.009450765
7/12/2022,-0.88,0.73,0.51,0.019883229
7/13/2022,-0.39,0.45,-0.38,0.024742227
7/14/2022,-0.41,-0.26,-1,
7/15/2022,1.95,-0.06,0.46,
7/18/2022,-0.71,0.21,1.02,-0.007482787
7/19/2022,2.80,0.9,-0.56,0.018431056
7/20/2022,0.89,1.48,-1.32,-0.016347365
7/21/2022,0.97,0.05,-1.6,0.003137368
7/22/2022,-1.19,-1.09,1.38,0.009523394
7/25/2022,0.11,-0.31,1.68,-0.010793909
7/26/2022,-1.32,0.09,1.06,-0.023798706
7/27/2022,2.72,0.49,-1.26,-0.029110314
7/28/2022,1.19,0.07,-0.87,-0.038768374
7/29/2022,1.44,-0.95,0.45,-0.003773706
8/1/2022,-0.20,0.33,-0.26,0.014592502
8/2/2022,-0.50,0.93,-1.4,-0.032511959
8/3/2022,1.66,0.77,-1.92,0.002200847
8/4/2022,-0.07,0.81,-1.64,
8/5/2022,-0.06,0.89,-0.06,
8/8/2022,-0.01,0.94,-0.08,-0.001301533
8/9/2022,-0.69,-1.82,2.11,0.009532194
8/10/2022,2.35,1.14,-1.6,0.030563291
8/11/2022,-0.08,-0.24,1.64,-0.002973101
8/12/2022,1.75,0.62,-0.74,-0.020143022
8/15/2022,0.37,0.14,-0.63,-0.000711753
8/16/2022,0.18,-0.35,0.7,-0.008759227
8/17/2022,-0.94,-1.17,1.04,0.010553762
8/18/2022,0.26,0.19,0.46,
8/19/2022,-1.51,-1.16,0.97,
8/22/2022,-2.15,-0.17,0.38,0.003573116
8/23/2022,-0.12,0.03,0.32,0.014964578
8/24/2022,0.39,0.65,-0.62,-0.000830211
8/25/2022,1.44,0.17,-0.01,-0.011527474
8/26/2022,-3.39,-0.55,1.68,-0.009243909
8/29/2022,-0.73,-0.57,0.43,-0.004456897
8/30/2022,-1.12,-0.24,-0.24,-0.002998595
8/31/2022,-0.75,0.28,-0.44,0.019201241
9/1/2022,-0.02,-1.11,-0.29,-0.008363619
9/2/2022,-1.00,-0.07,1.06,0.027628333
9/6/2022,-0.52,-0.44,-0.51,0.005895816
9/7/2022,1.91,0.69,-1.53,0.00986136
9/8/2022,0.77,-0.08,-0.2,-0.00933245
9/9/2022,1.66,0.52,-0.52,0.001315115
9/12/2022,1.06,0.27,-0.17,-0.011543193
9/13/2022,-4.30,-0.19,1.44,0.026156259
9/14/2022,0.43,-0.04,-0.28,0.012133383
9/15/2022,-1.04,0.34,0.54,0.014207733
9/16/2022,-0.99,-0.84,0.85,-0.002823046
9/19/2022,0.71,-0.16,0.67,-0.00666241
9/20/2022,-1.17,-0.2,0.06,0.015638482
9/21/2022,-1.69,0.36,0.08,-0.000777345
9/22/2022,-1.15,-1.35,0.42,-0.001625746
9/23/2022,-1.86,-0.25,-0.8,-0.001237579
9/26/2022,-1.03,0.17,-0.75,-0.004248731
9/27/2022,-0.06,0.64,-0.93,0.021290634
9/28/2022,2.14,0.91,-0.33,-0.000705423
9/29/2022,-2.18,-0.46,0.87,0.017322397
9/30/2022,-1.43,0.51,0.27,0.003969487
10/3/2022,2.54,-0.27,0.68,0.001875666
10/4/2022,3.29,0.76,-0.07,-0.007237759
10/5/2022,-0.23,-0.35,0.06,0.002269515
10/6/2022,-0.87,0.53,0.12,-0.012899943
10/7/2022,-2.92,-0.63,1.68,-0.021400125
10/10/2022,-0.82,0.04,0.76,-0.002237801
10/11/2022,-0.71,0.55,0.32,0.002916151
10/12/2022,-0.28,0.08,0.02,0.014091582
10/13/2022,2.39,-0.63,1.57,-0.033688011
10/14/2022,-2.47,-0.47,1.2,-0.006666404
10/17/2022,2.73,0.68,-1.43,-0.011028107
10/18/2022,1.18,-0.11,0.01,-0.007817047
10/19/2022,-0.88,-1.34,1.21,0.002996207
10/20/2022,-0.81,-0.26,-0.43,-0.010736479
10/21/2022,2.29,-0.17,0.1,
10/24/2022,1.02,-0.74,0.44,
10/25/2022,1.77,1.36,-1.52,0.018340971
10/26/2022,-0.67,0.43,0.89,0.006610769
10/27/2022,-0.55,0.32,1.06,0.015271406
10/28/2022,2.32,-0.04,-0.33,0.010584261
10/31/2022,-0.68,0.38,0.75,-0.043236563
11/1/2022,-0.36,0.16,0.78,0.003386995
11/2/2022,-2.68,-1.21,1.61,-0.011317761
11/3/2022,-1.04,0.3,0.31,-0.007182129
11/4/2022,1.15,-0.61,1.27,0.006857149
11/7/2022,0.86,-0.49,0.61,-0.011272113
11/8/2022,0.49,-0.48,-0.36,-0.017116493
11/9/2022,-2.26,-0.64,0.55,-0.008427596
11/10/2022,5.67,1.63,-3.11,-0.017232616
11/11/2022,1.06,0.28,-1.08,-0.010340542
11/14/2022,-0.96,-0.39,0.26,-0.00212036
11/15/2022,1.02,0.72,-0.7,0.01967214
11/16/2022,-1.04,-1.22,0.57,-0.02112642
11/17/2022,-0.43,-0.52,0.58,-0.015066736
11/18/2022,0.39,-0.18,0.08,0.025883948
11/21/2022,-0.54,-0.35,0.99,0.0305837
11/22/2022,1.34,-0.53,0.43,-0.002017974
11/23/2022,0.62,0.02,-0.94,-0.010245078
11/25/2022,-0.03,0.22,0.43,-0.028003589
11/28/2022,-1.56,-0.4,-0.2,-0.007492458
11/29/2022,-0.19,0.1,1.03,-0.00651923
11/30/2022,3.11,0.35,-2.07,-0.003290757
12/1/2022,-0.04,0.26,-0.69,0.025965675
12/2/2022,-0.10,0.92,-0.55,-0.023662706
12/5/2022,-2.04,-0.59,-0.51,0.026480086
12/6/2022,-1.53,-0.24,1.16,0.011427562
12/7/2022,-0.26,-0.13,-0.34,-0.006672079
12/8/2022,0.75,0.2,-1.22,-0.007950941
12/9/2022,-0.82,-0.55,0.36,0.023724828
12/12/2022,1.39,-0.32,-0.16,0.011881953
12/13/2022,0.64,0.19,-0.74,0.01626665
12/14/2022,-0.58,0.03,-0.43,-0.007387714
12/15/2022,-2.59,-0.39,1.37,-0.006082598
12/16/2022,-1.04,0.53,0.19,0.024626376
12/19/2022,-1.03,-0.79,1.24,-0.007454384
12/20/2022,0.11,0.21,0.25,-0.004101261
12/21/2022,1.50,0.12,-0.13,-0.025001945
12/22/2022,-1.54,0.09,0.37,-0.010585979
12/23/2022,0.49,-0.61,1.16,0.013618682
12/27/2022,-0.53,-0.74,1.42,0.009613982
12/28/2022,-1.25,-0.24,-0.29,0.005597877
12/29/2022,1.85,1.27,-1.07,-0.020777877
12/30/2022,-0.24,0.12,-0.03,0.055434472
1/3/2023,-0.49,0.07,-0.12,0.009240794
1/4/2023,0.79,0.54,0.04,-0.008935794
1/5/2023,-1.16,-0.18,1.21,0.008713121
1/6/2023,2.19,-0.06,0.04,-0.008252061
1/9/2023,0.02,0.55,-1.24,-0.003089328
1/10/2023,0.78,0.91,-0.57,0.004758575
1/11/2023,1.24,0.17,-0.82,-0.003883652
1/12/2023,0.44,1.45,-0.3,0.013579953
1/13/2023,0.44,0.28,-0.29,0.005914706
1/17/2023,-0.20,0.18,-0.52,
1/18/2023,-1.56,0.05,-0.7,
1/19/2023,-0.88,-0.26,0.84,-0.01544415
1/20/2023,1.93,0.13,-0.71,-0.001591851
1/23/2023,1.27,0.18,-1.01,0.030947815
1/24/2023,-0.18,-0.23,0.21,-0.000867624
1/25/2023,-0.02,-0.04,0.65,-0.001194632
1/26/2023,1.06,-0.58,0.02,-0.017894246
1/27/2023,0.34,0.63,-1.15,-0.014399176
1/30/2023,-1.40,-0.11,0.72,-0.001862349
1/31/2023,1.56,0.98,-0.08,0.007521759
2/1/2023,1.17,1.01,-1.67,-0.007349546
2/2/2023,1.52,1.63,-2.07,0.014279251
2/3/2023,-1.10,0.08,0.95,0.007289704
2/6/2023,-0.75,-0.81,0.41,-0.006052766
2/7/2023,1.22,-0.53,-0.05,-0.024921658
2/8/2023,-1.20,-0.67,0.72,-0.011137778
2/9/2023,-0.97,-0.64,0.2,-0.009007466
2/10/2023,0.09,-0.7,1.55,0.001037285
2/13/2023,1.12,0.2,-0.73,0.01486804
2/14/2023,0.10,0.15,-0.68,-0.014451687
2/15/2023,0.49,1.03,-0.9,0.005868056
2/16/2023,-1.39,-0.03,0.97,
2/17/2023,-0.30,0.68,-0.15,
2/21/2023,-2.18,-1.25,0.91,-0.012020631
2/22/2023,-0.06,0.55,-0.43,0.017461316
2/23/2023,0.44,0.22,-0.24,-0.002540735
2/24/2023,-1.11,-0.52,1.25,
2/27/2023,0.29,0.16,-0.29,
2/28/2023,-0.28,0.62,-0.71,0.00753895
3/1/2023,-0.44,0.21,0.62,-0.011645562
3/2/2023,0.65,-0.34,-0.41,0.022840787
3/3/2023,1.59,0,-0.52,-0.000767635
3/6/2023,-0.15,-1.65,-0.09,0.006978256
3/7/2023,-1.47,0.74,-0.66,0.012849397
3/8/2023,0.06,0.19,-0.39,0.003415953
3/9/2023,-2.04,-0.63,-0.66,0.003996817
3/10/2023,-1.70,-1.47,0.8,
3/13/2023,-0.36,-0.62,-3.52,
3/14/2023,1.69,0.12,-0.4,-0.015562633
3/15/2023,-0.81,-0.08,-1.81,-0.007638348
3/16/2023,1.74,0.18,-0.19,0.018918399
3/17/2023,-1.23,-0.81,-1.55,0.011881358
3/20/2023,0.82,-0.62,0.75,-0.000711476
3/21/2023,1.47,0.45,0.67,-0.00018173
3/22/2023,-1.76,-0.8,-0.47,0.011007863
3/23/2023,0.19,-0.17,-1.55,0.00249481
3/24/2023,0.44,0.11,0.72,-0.012968732
3/27/2023,0.25,0.22,1.01,0.014642451
3/28/2023,-0.19,-0.17,0.75,0.010452338
3/29/2023,1.37,-0.3,-0.54,0.014699421
3/30/2023,0.48,-0.54,-0.58,-0.010354662
3/31/2023,1.51,0.69,-0.77,-0.006140487
4/3/2023,0.26,-0.47,0.78,0.01287253
4/4/2023,-0.74,-0.97,-0.72,-0.011080692
4/5/2023,-0.42,-1.4,1.4,-0.008829829
4/6/2023,0.32,0.06,-0.53,0.002195271
4/10/2023,0.18,0.79,0.27,0.01144859
4/11/2023,0.04,0.47,0.58,-0.000280377
4/12/2023,-0.53,-0.54,0.37,0.002773124
4/13/2023,1.37,0.36,-1.17,-0.013788697
4/14/2023,-0.25,-0.95,0.2,-0.002767449
4/17/2023,0.31,0.79,-0.2,
4/18/2023,0.02,-0.43,-0.3,
4/19/2023,-0.06,0.28,0.4,-0.001573546
4/20/2023,-0.63,0.09,-0.26,0.005329425
4/21/2023,0.06,0.26,-0.91,-0.010537544
4/24/2023,-0.02,-0.4,0.47,0.003073017
4/25/2023,-1.78,-0.99,0.11,-0.00303598
4/26/2023,-0.43,0.14,-0.75,-0.004725262
4/27/2023,1.83,-0.56,0.01,0.007582142
4/28/2023,0.75,0.15,0.17,0.016147789
5/1/2023,-0.04,0.3,-0.78,0.00068716
5/2/2023,-1.30,-0.53,-1.39,-0.015326967
5/3/2023,-0.58,1.06,-1.02,0.001414821
5/4/2023,-0.80,-0.29,-0.99,-0.018459373
5/5/2023,1.88,0.4,0.6,-0.014478144
5/8/2023,0.06,-0.31,-0.27,-0.001509741
5/9/2023,-0.45,0.11,-0.05,0.016476648
5/10/2023,0.41,0.45,-1.31,-0.006980856
5/11/2023,-0.23,-0.48,-0.08,0.017561981
5/12/2023,-0.24,-0.19,0.35,-0.011019423
5/15/2023,0.45,0.84,0.01,0.008918359
5/16/2023,-0.74,-0.33,-0.46,0.012982182
5/17/2023,1.30,0.87,1.18,-0.016463188
5/18/2023,0.97,-0.08,-0.38,0.002984529
5/19/2023,-0.28,-0.45,-0.3,0.005639802
5/22/2023,0.15,1.26,-0.22,0.001646944
5/23/2023,-1.11,0.39,1.05,-0.001573841
5/24/2023,-0.74,-0.32,-0.19,0.014237259
5/25/2023,0.62,-0.71,-1.08,0.005715265
5/26/2023,1.30,0.04,-0.87,0.014436548
5/30/2023,-0.03,-0.15,-0.41,0.003698918
5/31/2023,-0.62,-0.1,-1.12,-0.005797052
6/1/2023,0.99,0.14,-0.07,-0.002492318
6/2/2023,1.60,1.55,1.63,0.00357913
6/5/2023,-0.28,-1,-0.73,
6/6/2023,0.45,2.12,1.32,
6/7/2023,-0.38,1.34,2.24,-4.14E-05
6/8/2023,0.57,-0.49,-1.15,-0.004134886
6/9/2023,0.01,-0.71,-0.4,0.013262625
6/12/2023,0.92,0.04,-1.4,-0.002069355
6/13/2023,0.72,0.57,0.07,0.003306233
6/14/2023,-0.06,-0.89,-0.92,0.00085515
6/15/2023,1.20,-0.35,0.06,-8.42E-05
6/16/2023,-0.47,-0.55,0.21,-0.005952553
6/20/2023,-0.50,0.43,-0.66,0.000903194
6/21/2023,-0.58,0.03,0.54,0.000851574
6/22/2023,0.30,-0.67,-1.23,-0.015810821
6/23/2023,-0.86,-0.63,0.07,-0.003841213
6/26/2023,-0.50,-0.32,1.3,0.019566123
6/27/2023,1.19,0.47,-0.52,0.008253231
6/28/2023,0.02,0.54,-0.42,-0.000386139
6/29/2023,0.42,0.52,0.76,-0.011586254
6/30/2023,1.12,-0.63,-0.77,-0.006998286
7/3/2023,0.13,0,1.08,-0.007218725
7/5/2023,-0.31,-0.95,-0.26,0.018474744
7/6/2023,-0.97,-0.51,-0.68,0.0004521
7/7/2023,-0.14,1.06,1.25,-0.004579374
7/10/2023,0.35,1.29,-0.01,0.004483913
7/11/2023,0.73,0.04,0.49,-0.001696619
7/12/2023,0.72,0.3,0.43,-0.001583297
7/13/2023,0.88,0.05,-0.1,0.002958236
7/14/2023,-0.27,-0.3,-1.51,-0.006377711
7/17/2023,0.47,0.76,-0.27,0.0118908
7/18/2023,0.76,0.22,1.09,0.0094451
7/19/2023,0.23,-0.07,1.32,-0.001445909
7/20/2023,-0.83,-0.58,0.65,0.000155058
7/21/2023,-0.07,-0.33,-0.37,-0.011222073
7/24/2023,0.29,-0.27,0.78,-0.007318638
7/25/2023,0.23,-0.04,-0.79,0.008757691
7/26/2023,0.00,0.68,1.02,0.013048987
7/27/2023,-0.77,-0.91,0.26,
7/28/2023,1.12,0.54,-0.32,
7/31/2023,0.24,1.08,-0.09,-0.006108638
8/1/2023,-0.37,-0.16,0.31,0.009854468
8/2/2023,-1.51,-0.18,0.59,0.014534402
8/3/2023,-0.22,-0.05,0.08,-0.002003563
8/4/2023,-0.51,0.04,0.77,0.002353883
8/7/2023,0.75,-1.15,0.57,-0.003811992
8/8/2023,-0.49,0.05,0.12,0.006188606
8/9/2023,-0.80,-0.08,-0.04,0.001148132
8/10/2023,-0.01,-0.32,-0.67,0.009321076
8/11/2023,-0.13,0.13,0.47,0.006932585
8/14/2023,0.49,-0.65,-0.79,0.000819408
8/15/2023,-1.20,0.24,-1.04,0.012178137
8/16/2023,-0.83,-0.41,-0.14,-0.003671619
8/17/2023,-0.89,-0.33,0.5,
8/18/2023,0.02,0.41,-0.22,
8/21/2023,0.62,-0.69,-0.58,-0.005245277
8/22/2023,-0.34,0.23,-1.05,0.003710754
8/23/2023,1.06,-0.1,-0.11,-0.007658796
8/24/2023,-1.45,-0.2,0.62,-0.00448678
8/25/2023,0.63,-0.07,-0.58,0.011455778
8/28/2023,0.61,-0.01,0.41,-0.00035401
8/29/2023,1.48,0.01,-0.11,0.004473527
8/30/2023,0.39,0.24,-0.45,0.012269018
8/31/2023,-0.10,-0.21,0.21,0.001170687
9/1/2023,0.24,0.66,0.59,
9/5/2023,-0.56,-1.37,-0.85,
9/6/2023,-0.73,0,-0.18,-0.007922515
9/7/2023,-0.42,-0.63,0.03,-0.00286518
9/8/2023,0.10,-0.62,0.39,0.002405119
9/11/2023,0.64,-0.26,-0.53,0.006742215
9/12/2023,-0.61,-0.25,1.02,0.007411145
9/13/2023,0.01,-0.79,-0.22,0.00847018
9/14/2023,0.82,0.22,0.86,-0.001024381
9/15/2023,-1.23,0.15,0.25,0.003855356
9/18/2023,-0.06,-0.81,-0.19,0.007117288
9/19/2023,-0.29,-0.12,-0.01,0.002357859
9/20/2023,-0.97,-0.1,0.27,-0.006756875
9/21/2023,-1.71,0.19,0.38,0.000324155
9/22/2023,-0.27,0.02,-0.5,0.004034089
9/25/2023,0.37,-0.11,0.35,0.002814712
9/26/2023,-1.48,0.39,-0.5,-0.000155447
9/27/2023,0.11,0.69,0.12,-0.0064247
9/28/2023,0.63,0.16,0.03,0.009877882
9/29/2023,-0.29,-0.03,0.3,0.001468717
10/2/2023,-0.16,-0.92,-1.05,-0.002665092
10/3/2023,-1.52,-0.33,-0.14,-0.013839575
10/4/2023,0.75,-0.28,-0.39,-0.002547974
10/5/2023,-0.17,0.31,0.08,-0.005299996
10/6/2023,1.19,-0.29,-0.55,0.009024057
10/9/2023,0.56,-0.32,0.26,-0.00421827
10/10/2023,0.59,0.15,0.64,-0.007038748
10/11/2023,0.30,-0.67,0.39,0.000250688
10/12/2023,-0.83,-1.47,0.12,-0.001069631
10/13/2023,-0.61,-0.47,0.06,0.005750384
10/16/2023,1.12,0.61,-0.09,-0.011550832
10/17/2023,0.07,0.88,0.7,-0.007555443
10/18/2023,-1.49,-0.63,-0.17,-0.007712864
10/19/2023,-0.94,-0.5,-0.22,-0.000148729
10/20/2023,-1.34,0.06,-0.15,0.006879175
10/23/2023,-0.25,-0.26,-0.78,-0.002777418
10/24/2023,0.69,0.25,-0.58,0.011044888
10/25/2023,-1.60,-0.3,0.84,-0.01345804
10/26/2023,-1.17,0.85,1.66,0.006717988
10/27/2023,-0.55,-0.35,-0.57,0.006264598
10/30/2023,1.13,-0.39,0.28,0.014508347
10/31/2023,0.61,0.05,-0.08,0.00383313
11/1/2023,0.91,-0.63,-0.03,-0.001596945
11/2/2023,1.93,0.48,1.64,0.00179916
11/3/2023,1.08,1.61,0.59,
11/6/2023,-0.01,-1.06,-0.65,
11/7/2023,0.33,-0.02,-1.21,-0.006971578
11/8/2023,-0.06,-0.82,-0.44,-0.003211301
11/9/2023,-0.91,-1.08,0.49,0.001426601
11/10/2023,1.47,-0.57,-0.44,0.006723515
11/13/2023,-0.07,0.15,-0.27,-0.005695872
11/14/2023,2.16,2.99,1.18,0.001241624
11/15/2023,0.16,-0.04,0.49,0.008429884
11/16/2023,-0.13,-1.4,-0.31,-0.012159553
11/17/2023,0.23,0.99,0.62,0.000721296
11/20/2023,0.71,0,-0.28,-0.002151103
11/21/2023,-0.34,-0.79,-0.61,-0.009394795
11/22/2023,0.40,0.21,-0.05,-0.01640089
11/24/2023,0.09,0.59,0.19,-0.002295612
11/27/2023,-0.25,-0.11,-0.08,0.004023092
11/28/2023,0.04,-0.29,0.05,-0.014734498
11/29/2023,0.00,0.44,0.69,0.000229319
11/30/2023,0.33,-0.45,0.02,0.005893073
12/1/2023,0.80,2.05,1.06,-0.002709491
12/4/2023,-0.46,1.41,0.5,7.93E-05
12/5/2023,-0.23,-0.83,-0.83,-0.013744086
12/6/2023,-0.41,0.3,0.31,0.008109802
12/7/2023,0.79,0.05,0.47,-0.001304016
12/8/2023,0.42,0.02,0.53,0.011814879
12/11/2023,0.32,-0.39,-0.12,0.006303818
12/12/2023,0.32,-0.43,-0.88,0.005207973
12/13/2023,1.53,1.72,1.35,0.004293017
12/14/2023,0.49,1.12,2.05,-0.006246359
12/15/2023,-0.08,-0.4,-0.57,-0.005018841
12/18/2023,0.40,-0.38,-0.38,0.010594346
12/19/2023,0.70,1.35,0.7,-9.83E-05
12/20/2023,-1.58,-0.37,0.13,-0.013399799
12/21/2023,1.07,0.74,-0.03,-0.008482826
12/22/2023,0.19,0.64,0.09,-0.01258532
12/26/2023,0.46,0.69,0.46,-0.001685542
12/27/2023,0.14,0.14,0.12,0.00726576
12/28/2023,-0.03,-0.36,0.03,-0.014339592
12/29/2023,-0.45,-1.13,-0.37,-0.011832511
,,,,
,,,,
,,,,
,,,,
,,,,
,,,,
,,,,
,,,,
,,,,
,,,,
,,,,
,,,,
,,,,
,,,,
,,,,
,,,,
,,,,
,,,,
,,,,
,,,,
,,,,
,,,,
,,,,
,,,,
,,,,
,,,,
,,,,
,,,,
,,,,
,,,,
,,,,
,,,,
,,,,
,,,,
,,,,
,,,,
